"0","library(tidyverse)"
"0","library(lme4)"
"0","library(emmeans)"
"0","library(ggplot2)"
"0","library(car)"
"0","library(performance)"
"0","library(patchwork)"
"0","library(sjPlot)"
"0","library(flextable)"
"0","library(multcomp)"
"0","library(multcompView)"
"0","library(GGally)"
"0","library(plotly)"
"0","library(corrplot)"
"0","library(lmerTest)"
"0",""
"0","conflicted::conflict_prefer(""select"", ""dplyr"")"
"0","conflicted::conflict_prefer(""filter"", ""dplyr"")"
"0","conflicted::conflict_prefer(""lmer"", ""lme4"")"
